"Converting money online is a simple and fast way of exchanging foreign currencies. By simply choosing a web based dealer, one can sign up on the site and proceed with changing the funds. The exchange rates offered have to be raised enough to compete with the ones offered by land based banking companies. That is why, you will need to see which brokers have the most benefits to give to their clients and, in conclusion, choose them. An online money converting provider is a safe and regulated way of changing different currencies, such as {CURR}.
","To see what the rates are when you want to exchange certain currencies you will need a currency calculator. With its help you will be able to have an overview of the different rates and how they influence the market. Before deciding on what currency pairs to convert, you will have to assess which of them has the most beneficial exchange rate. You can even opt to have a currencies index where you will see how their values evolved through time and why such a thing happened. 
","A money converter is needed when one has to travel in a foreign country and has to use that country`s coins. An international currency converter has all the states` money exchange rates displayed so the client knows what to expect when converting them. The easiness of the conversion process is a very important aspect of the online converting softwares. There is no need to have an in depth knowledge about foreign currencies such as {CURR1} or {CURR2}, the dealer being the one who searches the best exchange rates for you.
","To stay informed at all times about how the currencies exchange rates move from time to time you can choose to receive alerts from a so called Online Rate Alert. In this way you will know when the foreign currencies you prefer will have the best conversion values and you will be able to take advantage of this situation. All is done quickly and with utmost care for your personal information and financial details. The online based money converter brokers have to be reliable and to give you a serious and good vibe. So, you should only choose those that leave you with the best impression ever.
","Online currency conversions can turn into a very fruitful business, too. For a skilled trader, exchanging foreign currencies can be a means of making some extra profit by just using his computer and intuition skills. Knowing how the rates will change in the future can bring benefits to those who make a business out of transacting and converting foreign money. So, if you want to make a step further you can consider becoming an online currency converter enthusiast and speculate the market in order to make some profit. For example, the {CURR} could be a currency pair that could interest you. 
","To not get ripped off by different currency exchange bureaus or dealers you will have to find out what is the conversion rate baseline. This should be situated somewhere at the meeting point of the rates offered by the foreign country whose money you are trying to convert and the rates given by your country. Also, the exchange values given by the online brokers should not be situate down under the ones a bank would pay you. Because the online environment is a hard to control medium, you will have to pay extra attention when trying to convert currency. Use only the dealers that are authorised and have positive reviews.
","Online money conversion is a more faster and comfortable way of exchanging foreign currencies (such as {CURR1}) when traveling abroad or wanting to send money in some other country. It is a more straightforward alternative and you have the advantage of converting your funds before arriving in your holidays destination. But, there is an external aspect you should be careful about: the extra fees. The brokers charge you taxes every time they exchange your money and you should seek the ones that have the lowest fees.
","An online currency exchange broker or dealer is a provider that helps you convert foreign currency (for example {CURR}). It can be considered an agent that intermediates the deal between you and the other state`s conversion rates offered by their financial agencies. The transfers are usually performed fast and you or the other person you are sending money to will receive the payment in a matter of days. The exchange rates, associated extra fees and conversion periods differ from broker to broker and you, as a customer, will have to be careful which provider you decide to choose. 
","The so called `volatility in the financial market` phenomenon can affect greatly the currency conversion rates and because of this reason one has to pay attention when performing a money exchange operation. As it was the case with the Swiss Franc sudden price raise, it can happen to other foreign currencies as well. Before jumping in and trading your money for other countries` money, you should check the financial news and see how the geopolitical situation can influence the conversion rates and how this occurences can affect your overall transaction.
","Online money conversion is a very handy and easy way of exchanging your money in other state`s currencies. You do not need to go to the nearest bank or land based converter, you just have to pick an online broker, sign up and proceed. While the operation itself is really easy and straightforward, there are some hidden perils you have to be able to take in and deal with. For example, you should check how reliable the broker is before even considering to deposit a sum of money in the account. Find out what other people think about it and assess all the pluses and minuses it has.
","There are several websites that offer online currency conversion services. Some are newer, some are older, some are authorized and registered and some are not. Your job, as a customer, is to find the ones that offer the most benefits for your business. Even though one has a higher exchange rate than the other, you should not fall for it and choose it immediately. Those increased rates might mean there are some hidden fees somewhere, or the company is not yet verified by the Financial legislation bureaus of the country. No matter how good an online money converter broker presents its services, you should be wise enough to make some extra research before deciding to sign up with it.
","To avoid being scammed by an online money converter you can start by exchanging only a small sum. In this way you will be testing how fast your money is being converted and at what market rates. If it is going to be a problem with their software or any other kind of legal or trust issue, you will know it and have enough time to abort the mission and leave the site. This is a good way of saving your money and not getting scammed by the online money exchange dealers. Also, the exchange rates of certain currencies, such as {CURR1} are an important indicator.
","If you want to exchange foreign currencies in a fast and comfortable way, you can opt for the web based money converter brokers. There are many such companies that offer their services to the public, all that you have to do being to thoroughly inform yourself about their benefits and conversion rates. Usually, these rates have to be situated between the ones offered by banks in your country and banks from the other country. There should not be a too big gap between these two values, in order to have a profitable trade.
","A currency calculator is a very useful tool that helps you evaluate the exchange rates between the foreign money you are trying to convert and you own country`s coin. This calculator is a mandatory feature any online currency converter should have. By simply using it you will be able to see how the {CURR} rates are, or the other way around. But what you should be really interested in is the exchange rate offered by the broker your are using, so there is where you should seek the currency calculator.
","When deciding to go in a vacation in a foreign country you usually need to convert your money in the currency that state has. You can do this right when you land in a bank or exchange office, or you can do it in advance, online. There are web based money conversion brokers that intermediate this for you and all you need to do is to sign up, open an account, deposit the sum you want to be exchanged and press the `convert` button. The trade could be made in a couple of hours or in a few days, depending on the dealer`s way of doing business.
","Currency conversion or exchange is a business that is being carried out since thousands of years. At first, people were trading gold coins for other goods such as corn, wheat or salt. Nowadays, we are exchanging money with money. In other words, when you are converting {CURR}, for example, you are performing a currency conversion. Well, not you per se, but the broker or the bank you chose to do this on your behalf. You can go to a brick and mortar exchange office or you can opt for the online alternative that is faster. 
","Online money exchange can be transformed into a business. It is known under the name of Forex trading and deals with the conversion rates of different currencies from around the globe. Instead of just converting the money for their future usage, one can speculate the market and buy {CURR1}, for example, and exchange them later on when their price is higher. In this way, a trader can make some profit from the differences between the two values a currency can have in different moments in time.
","People need to exchange money online because of different reasons. Whether they need to send someone from a foreign country a certain sum, or they have to travel in a part of the world that has a different coin, money conversion is a highly important part of our lives. If in the past you had to go to the bank in order to perform such an activity, now you can simply access an online dealer website, sign up and convert your currency. Simple as that. Security is not an issue, due to the many regulations the brokers have to pass through, so everything is certified, or it should be.
","To perform a safe online currency exchange you need to seek only the brokers that are authorised and have an SSL certificate. In this way you can be sure, or almost sure, that your transactions will be safe and carried out with utmost privacy. Even though the money converter dealer`s site might look like a genuine one, do not hesitate to check with online reviews and critiques. Only in this way you will be able to analyze and assess all the possible aspects that might influence your money exchange experience, such as the conversion rates between different currencies, including but not limited to {CURR}.
","An online currency converter is a software that allows users to see how much their national money is worth in comparison with other nation`s coins. This type of service can be found with web based brokers or dealers who, in return for a certain fee, will calculate the exchange rates and make the conversion possible. If you want to send money to someone that lives in a foreign country, this online conversion websites offer the possibility to do it. The transfer can take up to several days and is done in regards with personal data protection.
","The exchange rates an online converter service should offer have to be nearly as high as the ones given away by the territory banks. If you are trying to convert some money and the quotas you see are way smaller than they should be, it may mean the dealer was trying to scam you. Also, if the exchange rates are big enough for you to want to proceed, you should also have a look at the hidden fees charged. The online brokers have to make some profit in a way or another, and charging some extra money for their services is one of these ways.
","In order to send money abroad you need to convert the currency of your country in the currency of the country your friend or relative lives in. You could do this by going to the nearest bank or you can opt for the more straightforward alternative: an online currency conversion broker. These money exchange dealers are, in fact, online companies that for a certain commission will carry out the transaction for you. There are quite a bunch of such service providers, all you have to do being to choose one that is registered and authorized. The exchange rates they offer should also be competitive enough, so when you convert {CURR}, the result be a good one.
","Online money converting is a pretty recent type of business that everyone who has to send or to exchange some currency can benefit from. The steps are really easy: you just have to sign up on an exchange broker site, set up your account, link it to your debit card and select what amount you want to convert. A currency calculator will then show you the conversion rates between the national coin of your choice and the other currency you want to be changed in. All is done in a few easy and quick steps and with great care for your personal and financial data.
","Nowadays everything has gone online: shopping, buying train tickets or playing a casino game. You can even exchange currency over the internet. If in the past you really had to go to the nearest and most profitable bank in order to convert some {CURR2}, now you can do this in a much simpler and straightforward way. With the help of some currency convert brokers you can choose which currencies to exchange and when. It has become way simpler to send money abroad or pay for your next trip in a foreign country.
","If you need to change some money fast and without too much of a fuss, you can try the online currency conversion dealers. They usually operate in full privacy and offer the guarantee of the best services. Their exchange rates are situated close enough to the ones offered by territorial banks, in order to obtain a good deal when exchanging your money. Anyway, it is advisable to try their reliability by converting only a small sum, for the first time. If you see there are no legal or trust issues to be concerned about, you can continue by converting the whole sum you had in mind.
","When you are deciding which currency converter to choose, you will have to search some reviews made by other users who tested it. The main feature such dealers should have is a raised enough exchange rate, to have a profitable {CURR} conversion. If it can compete with the ones offered by land based exchange offices, then it means they are a reliable money conversion company. In addition to this, you will have to check their authorizations and verifications issued by the Financial commissioners of the country you are dwelling into.
","If you want to receive updates on the exchange rates offered by the online currency convert brokers you will have to sign up to their Online Rate Alert. This is a kind of newsletter that announces you when the currencies you selected have the best exchange rate. In this way you will be able to have a clear overview on things and know when it is the most profitable to convert money. Anyway, before proceeding it would be advisable to check with other sources, too, in order to see where are the highest exchange rates.
","To convert a sum of money online you do not need many resources. An internet connection, a laptop, your card and the right broker. What you need to pay attention to are the conversion rates the brokers offer, and, of course, choose the highest ones. After this, you will be provided with a currency calculator that will help you see how much of your own currency is worth the other currency you are changing it into. After this you will simply need to push a button and the conversion was made. You can exchange {CURR1} or {CURR2}, and, in fact, any kind of currencies.
","Forex trading is a way of profiting from the differences between the exchange rates of different foreign currencies. Instead of converting money just for your personal use or for sending them to someone, you can take advantage from these conversions. You will be able to buy some currency pairs at a price and sell them afterwards at a higher bid. This is a way of making an extra income, from your home, easy and with a small demand of resources. So, as you can see, currency conversion can mean more than exchanging the values of two currencies.
","To send money to some who lives abroad you will need an international currency converter company to carry out your transactions. By signing in into an account on such a broker site, you will have access to the currency calculator that will show you how much your money is worth in the foreign coin you want to change them into. After this step, you can insert the sum you want to be converted and wait until the transaction is finished up. In just a couple of days, your friend, or the person you sent money to, will be able to receive them.
","The exchange rate when converting {CURR} or, in fact, any other currency pair is the indicator that shows you how profitable you money conversion will be. In order to obtain a good deal and not lose too much of your money, you should always choose and sign up only with the online currency converters that provide you with the best rates. In order to find out about the best ones, you can check the related forums and read reviews and informative materials about this matter. Check that the online dealer you chose is verified and authorized and carry on with your money conversion.
","You can convert {CURR1} by simply finding an online currency converter who has big enough exchange rates and is reliable. To find out what the conversion quotas are, you can use the currency calculator every broker should have and insert the amount you want to exchange. After this, you can compare it with the rates offered by other online money conversion dealers or directly with the ones given away by land based banks. The idea is to choose the provider that will offer you the best deal on your currency exchange.
","An online currency converter can help you exchange the money you have in other country`s currency in a simple and quick way. There is no need to search the best bank, that gives the most profitable exchange rates, you simply find an online currency converter, signup and start the deal. To send money to someone in another country who does not have an account in the same currency like you do, you just have to deposit the sum you want to transfer and the online broker will take care of the rest. There will probably be some fees to be paid for the conversion services, but usually they are not big.
","To see what are the exchange rates between {CURR} you will need to use a money converter. This software is offered by online brokers who, in change for a small tax, will take the responsibility to convert your money. You will, of course, see the conversion quotas thanks to a currency calculator that is featured on the broker`s site. In this way you will know how much of your money is worth in the other currencies. You, as a client, have full control over all the actions carried out and if you want to stop collaborating with the broker you can do it, right away.
","Everyone needs a currency converter at some point in their lives. Be it for a personal money exchange or to make profit from buying and then selling currency pairs on the Forex market. To be able to make some profit from the differences between the currency exchange quotas, you will have to find the best online dealers. They should provide you with rates big enough to actually have a good deal when wanting to convert your money. You can check the general trends and see if the broker you chose follows them and offers you the best deal on the market.
","If you want to stay in touch with the latest exchange rates a currency has, you can subscribe to an automated service that will send you via email the most profitable deals. Whether you are interested in the conversion quotas of {CURR1} or any other currency, you will be informed about them in a quick and easy manner. Such a service might be found with some of the online currency converter brokers and if you want to use you will have to find out exactly which of them can offer it to you.
","An online currency converter service is a web based company that helps people around the world to exchange money in a simple and comfortable way. Instead of going to several banks and offices to find the best conversion rates, one can do this by simply surfing the web. In just a few minutes, you will be able to find the best and most profitable online brokers. They usually offer an exchange rate that can easily compete with the ones of the banks and thus you can trust them. 
","If you are businessman who works with collaborators from other countries, than you are surely interested in the exchange rates a certain currency pair has. Be it {CURR} or any other foreign money you might think of. To be able to transfer the sum you will need the help of an online currency converter. Make sure to pick one that has the exchange rates big enough to make the conversion worth it and to not lose too much of your own money in the transacting process. Also, opt for a money exchange dealer who will not charge you huge fees.
","Online currency conversion is a type of business that is helpful both for the clients who need a quick and simple way of exchanging money and for the brokers who can make some income from the transaction fees they charge. It is obvious that the customers will seek a dealer that can offer its services with the minimum wages. On the other hand, the online brokers will try to offer big exchange rates and camouflage their fees in this quotas. The ideal solution is to find a balance between these aspects and choose the most profitable money exchange converter.
","Money exchange is part of the larger context of the online based financial businesses. In a few steps the web based brokers manage to convert the foreign currencies the customers opt for. The exchange rates offered by these dealers are usually high enough to compete with the ones the banks have. This is a very important feature and that is why the currency converter providers have to be able to make a very profitable offer in order to ve chosen by the customers. The exchange quotas of {CURR1} or {CURR2} can be found out from the currency calculators featured on the brokers` platforms.
","With the help of an international currency converter, one can find out what are the exchange rates of certain foreign currencies he is interested in. Not only you are able to convert money, but you can send them to people from other countries. What you need to pay attention to is the conversion rate. If you want to have a profitable exchange and not lose very much of your money, you should consider finding a broker that has a high enough quota. Furthermore, you should see if there are any other wages to be paid in order to be able to use the dealer`s services. If there are, it is obvious you should opt for a mix of high rates and low fees.
","To convert currency is no longer an option but a need. In a world where everyone is communicating and collaborating with everyone, you will certainly need to exchange money at some point in your life. You can choose the old school option and go to a bank to convert your cash or you can opt for the virtual alternative. By going with the latter option, you will be able to convert {CURR} in a simple and fast way. The online brokers who deal with this kind of business will be more than willing to help you in return for a fee, of course.
","The fact that we live in an informational and virtualized era pushes us to move all our activities in the online medium. Here, we are able to do the same things only in a smarter and simpler way. For example, money exchanging is turning into a very straightforward and comfortable endeavor, where the customer has only to choose the right dealer and proceed with converting his money. The conversion rates offered are usually good enough to help you establish a profitable transaction even though you are not doing it with a land based bank.
","Whether you are interested in the exchange value of the {CURR2} or any other currency, for that matter, you do not have to worry that you will not find enough information. Nowadays there are quite a few good currency conversion websites that can provide you with fast and reliable data about all the world`s foreign currencies. You only need to find the best ones, use their calculator and find out where are the biggest exchange rates offered. Pure and simple, no other complications or issues to be dealt with.
","Money currency converters are a very useful tool for the people who have to travel abroad frequently and need to exchange their money. Instead of struggling to find a bank or an exchange office just when you land in your holiday destination, you can seek an online currency conversion dealer and convert your {CURR1} with its help. Even though the exchange rates are not always as big as the ones offered by territory banks, you can still benefit from the rapidity and easiness of the transaction itself. So, from now on, when you have to make some money conversions, you could consider optinf for a web based alternative.
","Foreign currency conversions are a very frequent and popular activity that takes place these days. This happens mainly because there are so many situations when someone has to exchange money either to send them to a person or to use them in a business or pleasure trip. The online dealers who offer these services are usually generous enough to exchange your money at rates that can easily compete with the ones the brick and mortar exchange offices have. Anyway, because on the internet there are no legislations, you should check the dealer for a certificate and authorization and only after this go on with your currency conversions.
","You can exchange {CURR1} very easily by just finding an online currency converter you like and think is profitable for your business and open an account. After this simple step, you will need to use the currency calculator and see what are the exchange rates of your money. By simply selecting how much of your funds you want to convert, you will be faced with the result in a couple of minutes. Nice and easy. No more going to the bank and finding it is closed or does not have a very good exchange rate in that day. Choose the only money exchange dealers and and make your life easier!
","Converting money on the web is an easy and comfortable alternative to the traditional currency converters. You will be able to spare more of your time and get better and faster results, without needing to go to a land based office or bank. If the online money exchange dealer you opted for is a registered and authorized one then there is nothing you should fear about. You will be getting a good exchange rate so you will not lose a dime from your invested money. The only thing you need to do is to get well informed before proceeding.
","If you do not have time to go to the nearest bank to convert {CURR} do not worry at all, there is still a salvation. The online currency converters are web dealers that help you manage your transactions. Many of them are regulated companies but there might still be some scammers that will try to rip you off. To avoid such a bothersome situation you will have to make a thorough online search for reviews and commentaries about the broker you decided upon. In addition to this, if you want to test their reliability by yourself, you could convert only a small sum and see if all runs smoothly.
","In a world that moves so fast and is so hard to keep up with, you need to be one step ahead. By choosing an online money currency converter instead of a land based one, you can be sure to have an advantage. You will not need to lose your time going from bank to bank and asking about the exchange rates in order to see which gives the best ones. With a simple research, in a matter of minutes, you will be able to find out all about the best and most profitable online money exchange dealers. So, wait no more and catch up with the latest foreign currency conversion innovations!
","The currency converters are usually certified dealers who in return for a certain fee will help you carry out the money exchange deal you have to undertake. If you see that the sums they ask for their services seems to be too high or the exchange rates they try to offer you are way smaller, you should stop and seek another online currency conversion broker. Because not all of them are legal and reliable providers, you should pay attention whom you choose and never trust with your money a possible scammer.
","The {CURR} exchange rate could be an important information for a number of people, be they Forex traders, businessmen or mere citizens who want to travel in a foreign country. To get to know this aspect, in the past, you had to go to the nearest bank or exchange office and look for the conversion quotas. Nowadays, things have changed and by just making a little research on the web you will be able to find the best online money conversion brokers. By simply signing up with them you will gain access to their currency calculator and database.
","Maybe you did not know but now you can convert currency online in a fast and simple way. Just find a good and reliable broker, see what are the exchange rates offered by it and open up an account. Next, link your debit card to the account and choose how much of your money you want to convert. In just a blink of an eye you will have your transaction done and ready to be withdrawn. Stop wasting time in a land based exchange office, standing in queues and getting stressed, go for the web based alternative and convert money in a safe and easy way.
","You can use an online currency converter to exchange {CURR1} at any time and any day you want. You only need to get a hold of the exchange rates a bank offers and compare them against the ones the web based dealer would give you. The idea is to go with the broker that has the biggest conversion quotas, but still keeps a low standard for the additional fees. In other words, you will need to find the most balanced provider, one who can bring you a profit while keeping a certain percentage of the money for itself. 
","If you have ever tried to send money to someone who is living in a country that does not have the same currency as the country you are living in, then you know that this might turn into a real hassle if not done properly. You can be scammed by different online currency converter brokers who will try to make the exchange at a lower rate than the market has or you could invest the money and not see or receive them again. To avoid such traps, you should pay extra attention to the money conversion dealer you are signing up with and never trust a non-certified such service provider.
","Online currency exchange dealers can convert your {CURR} in no time and with great care towards the safety of your money and personal data. Also, the conversion rates are not bad, they can even be compared with the ones offered by land based banks or offices. In just a couple a minutes you can register and setup your account. After this, all that remains to be done is to choose how much of your funds you want to convert and simply push the conversion button found on the broker`s website.
","When traveling abroad everyone finds themselves in the situation of needing to buy items in the money specific to the country they arrived into. Not speaking the language very well and not knowing the streets could be some aspects that will slow you down when you want to find a money exchange office. Now, you can opt for a foreign currency converter and do the transactions online, before even leaving in your holidays. Much simpler and faster than the classic alternative.
","For those of you who want to perform a currency conversion for {CURR2}, you need to know that there are several online money exchange brokers who can help you with this endeavor. All you will need to do is to choose one that best fits your needs, open the account and insert the amount of money you want to convert. In a few easy steps, the online currency converter will carry out the transaction for you. All you need to take care about is to choose the most reliable services provider on the market.
","An online currency calculator is a very useful tool that can help you find out what are the exchange rates of different foreign money. By simply inserting the sum you would like to convert, you will know how the two currencies are compared against each other and how much the difference is worth. Having this information can help you decide when to make a transaction and in what conditions. So, in conclusion you should always take advantage from such a currency calculator.
","Online currency conversion is an activity that requires a sum of money to be converted and a web based dealer who carries out the exchange. You can convert {CURR} or any other pair for that matter. You will need to find the best exchange rates and the most reliable online brokers, the rest being taken care of by the currency calculator and exchange software. Before actually deciding which dealer to choose, you will have to make some extra research and see what other customers say about it. It is not advisable to sign up and deposit your money without a previous assessment.
","Online currency converters are softwares operated by web based brokers, who, in return for a fee, will carry out a money exchange for you. If you need to convert foreign currency in a fast and safe way, then using a currency converter is the best thing you could do. You will have a currency calculator that will show you the rate between two currencies and you can decide if you want to exchange them at that quota, or not. The rest is simple, the dealer doing the task for you. Anyway, you need to be careful at the exchange rates offered, they have to be big enough to actually be profitable.
","You are performing an online currency conversion when you are exchanging {CURR} on a web based broker site. The conversion quotas you will find here are usually big enough to not make you regret you chose the virtual alternative. Instead of going to a brick and mortar bank, you can simply register an account, link it to your card and select how much of your funds you want to be converted. The process is a simple and transparent one, the extra fees being mentioned by the reliable dealers. 
","The online currency exchange market can be very useful for the people who want to convert money without actually making a trip to a field office. In addition to this, some can benefit from the exchange rates when making business in the Forex transactions domain. They can have a better overview of things and know how much of {CURR1} is worth in other currencies from around the world. In this way, they will be able to buy a certain foreign coin and sell it later on when the market is more profitable. This is a type of business performed by traders and proved to be quite a beneficial one.
","For the people who have to make business in a foreign country or need to send money to someone that lives in a zone with another currency, the online currency converters are the best option. To really be sure you chose the right dealer, you will have to check the certificate it has and most importantly, the exchange rates. To make a profitable currency exchange you will need some conversion quotas that will allow you to convert money at the best rate and not lose too much of your funds. 
","Before starting an online money exchange you will need to consult a currency calculator and see what are the rates between the currencies you want to convert. It is not enough to analyze only one online broker`s rates, but you will have to check all of those that are available online and compare the features they have. You will need to pay attention to the currencies they are able to exchange for you, be them {CURR2} or others. You need a large array of foreign currencies just in case you will need some of them later on. 
","If you are a regular client of the online currency converter brokers, then you need to know that there is a service that can help you keep always informed about the best exchange rates on the market. All you need to do is to sign up and be ready to receive updates on your email regarding the conversion quotas the currencies you selected have. In this way you will be able to have the most profitable money exchange sessions and to be up to date with all the changes on the currency conversion market.
","Everyone has to convert currency at some point in their lives. It is part of the daily life in a modern society. If several years ago you had to go to a land based bank to convert {CURR}, you need to know that nowadays things have simplified greatly. All you need to do is to sign up on an online money exchange broker`s website and select the currency you want to convert your money into. The rest is simple and being taken care of by the service provider you chose. The only thing you need to be careful about being the exchange rates your money are going to be converted at.
","An online currency exchange can be performed with the help of a so called broker or dealer who will carry out the conversion process. What a customer has to take into consideration, besides the exchange rates offered, are the extra fees that a broker demands. These can be considered as a commission necessary for the currency convert process and all the other services offered. To make sure the best decision was made, one has to research all the money exchange brokers that operate online and see which of them has the best features and, more precisely, which of them is the best for the needs one has.
","Maybe you need to exchange some {CURR2} or perhaps {CURR1} but you are not in the mood or do not have enough time to go the nearest bank. What do you do?  One answer can be panic, but the other best one would be: go to an online currency exchange website. There you will find a currency calculator that will show you the exchange rates and if you do not find them profitable enough, you can simply search for another web based money converter. The possibilities are quite varied and that is why you should not worry if you do not find the best provider that fits your needs from the first time.
","Nowadays the internet is the place to be for many kinds of businesses. Everything from shops, healthcare sites, ordering groceries and playing games are domains that can be found online. There is no reason why currency conversions could not be performed on the web. With a good and certified broker, some profitable exchange rates and great care towards your data privacy, you are able to convert and send money abroad in virtually every country in the world. The process is fast and simple and it will save you a trip to a land based money exchange office.
","When you need to exchange your money in other country`s money you have to use an international currency converter. This service will allow you to select the sum you want to convert and have your funds exchanged in a matter of minutes. It is not important the type of currencies you need to convert, they can be {CURR} or any other pair, in fact. On the web, there exist a multitude of brokers that have different offers and features. The customer is free to choose the providers that are the best fit for his necessities. 
","If you ever need to send some money to someone who is living abroad and does not have a bank account in the same currency as you do, you can simply use an online currency conversion broker. Here you will be faced with a currency calculator that will show you how much of your money is worth in regards with the other person`s money. After you found out the quota you can decide if it is profitable for you and your counterpart and sign up with the online dealer. If, on the other hand, you do not find the services too appealing, you can move on and search other online provider.
","Some people use {CURR2} as their day to day currency. Others have a different type of currency. What if this two people would want to send money to each other? Even though it may seem as a complicated task, all is really simple in fact. There is no need to go from bank to bank until one finds the biggest exchange rates. Instead, on the web there are several currency converters that will offer their money conversion services to those who need them. With exchange quotas nearly as big as the ones offered by banks, these brokers are indeed a good deal.
","People who need to send money to each other and live in different states with different national coins, can make great use of a foreign currency converter. This is a web based service that is offered by several brokers that feature different characteristics. Some of them have higher exchange rates, some ask for bigger fees and some offer extra benefits. Is is up to you to choose the one that is the best for the needs you have when you want to perform a money exchange. The offers are quite diversified and finding a good currency conversion broker is not such a hard to perform task.
","A web based currency conversion dealer will carry out for you different money exchanges, be they {CURR} or any other currencies. Of course, the transactions are being performed in change for a wage that is going to be paid by the customer. There are different money convert brokers that charge different fees, bigger or smaller, depending on the features they offer. A customer should research and find out all the possible dealers and only after this step, get on with the decision towards one of these providers.
","A web based provider that operates with currency conversion services is known as a online broker. Its task is to find the best exchange rates a foreign currency has and to present is to its customers. It is obvious that the conversion rate can rarely be as big as the one offered by a land based bank, so, in return, the online broker has to offer other benefits. A faster transaction, a fidelity program or a smaller tax frame are just some of the characteristics such a provider can offer to its customers. The general idea is to be able to have a competitive package in order to be able to gain more clients.
","When you need to deal with currency exchange but you do not have the necessary time to go out and search for the best office that can offer the biggest conversion rates, you have to know that there is a virtual alternative. On the web, there are several currency conversion brokers that will give you their best features. You need to seek one that is authorized by the Financial Commissaries and that has low fees. In addition to this, do not go with a dealer that is not capable to offer you competitive exchange rates.
","If you prefer to exchange {CURR1} into your country`s currency and want to always be up to date with the conversion rates, you can opt for a service that will announce you when the best rates are on. Some online money conversion brokers have this feature and all you need to do is press a `sign up` button. You will, then, receive in in your inbox updates every time a high exchange rate is offered for the currencies you listed as being your favorite ones. This is a very useful tool, even more for the people who convert money frequently.
","Instead of going to your territorial bank to convert currency, you can try the web based alternative, that is more comfortable and straightforward to use. You are not required to pay any sign up fees or to opt for a strict contract. You can use more than one brokers and exchange different foreign currencies with them. Of course, it is wise to choose only the providers that are certified and that can offer you a satisfactory conversion quota for the currencies you like to convert.","The best way to perform a currency conversion is online. Instead of searching for the right bank that is able to offer you a profitable exchange rate when wanting to convert {CURR}, you can simply type in your browser the words `currency converter` and choose from all the results the best online broker you feel fits your needs. No more staying in infinite queues to exchange a few money, no more stress waiting in line at different banks. Straight up foreign currency conversions, carried out with professionalism and privacy."